Id	BIRTHDATE	DEATHDATE	SSN	DRIVERS	PASSPORT	PREFIX	FIRST	MIDDLE	LAST	SUFFIX	MAIDEN	MARITAL	RACE	ETHNICITY	GENDER	BIRTHPLACE	ADDRESS	CITY	STATE	COUNTY	FIPS	ZIP	LAT	LON	HEALTHCARE_EXPENSES	HEALTHCARE_COVERAGE	INCOME
69af9fdb-6026-cf15-8110-60645be1a286	1/15/1951		999-83-1923	S99995838	X13314221X	Mrs.	Sasha806	Ashlie138	Stamm704		Runolfsson901	M	white	nonhispanic	F	Milton  Massachusetts  US	820 Kutch Ferry	Uxbridge	Massachusetts	Worcester County		0	42.04889595	-71.644746	781858.42	182267.18	53813
e2b7d298-e3e5-8e5a-804c-a8342fdeb164	10/27/1957		999-52-6475	S99916774	X60183820X	Mrs.	Shawnta32	Janeth814	Hintz995		Cummerata161	D	white	nonhispanic	F	Boston  Massachusetts  US	523 Fisher Mill Apt 22	Danvers	Massachusetts	Essex County	25009	1937	42.5502764	-70.98731226	617728.28	860065.14	109027
ca4f2fef-0fea-5cdb-314c-9d6689cfabb0	12/4/2005		999-56-6377	S99960468	X16189809X	Ms.	Haley279	Deandra603	Ondricka197				white	hispanic	F	Springfield  Massachusetts  US	1025 Rau Tunnel Unit 38	Fitchburg	Massachusetts	Worcester County	25027	1420	42.58505733	-71.83509357	11148.62	726893.5	125882
36a8268b-0e08-f9d6-6999-eca371aab83c	5/14/1978		999-53-1726	S99981580	X20024386X	Mrs.	Jung484	Valorie864	Stehr398		White193	M	asian	nonhispanic	F	Burlington  Massachusetts  US	518 Hirthe Quay	Somerville	Massachusetts	Middlesex County	25017	2144	42.39904636	-71.13257179	739328.17	135123.9	65255
7bfad7bf-fbc0-2a68-6c37-b9351c1ec651	9/9/2013		999-75-1410				Romona686	Jenine75	Cruickshank494				black	nonhispanic	F	Millville  Massachusetts  US	142 Reichel Loaf	Ipswich	Massachusetts	Essex County	25009	1938	42.65392248	-70.88356751	17836.6	13403.05	136314
d2bf16e1-62a2-a46e-284c-c923e3fa4327	3/14/2018		999-75-1823				Corinne382		Legros616				white	nonhispanic	F	Boston  Massachusetts  US	689 Heaney Club	Mount Washington	Massachusetts	Berkshire County		0	42.08209218	-73.46707019	1318.72	32805.61	2793
9bd60b50-8402-5f9a-6f24-f492e8729eb5	10/16/2021		999-22-6179				Hildred696	Margot418	Hilll811				white	nonhispanic	F	Middleton  Massachusetts  US	384 Kihn Trace	Boston	Massachusetts	Suffolk County	25025	2121	42.28066587	-71.08057076	29522.41	10923.07	104525
5094c0f7-119a-924c-13ef-53d054461d21	12/6/1997		999-94-2703	S99919668	X84183817X	Mr.	Marcos263		Domínquez36			M	white	hispanic	M	Caracas  Capital District  VE	729 Koepp Glen	Fitchburg	Massachusetts	Worcester County	25027	1420	42.55927484	-71.77654254	9393.35	774798.27	5354
514ad0de-384b-577c-4de4-78cb2d156391	3/31/1972		999-63-7873	S99966593	X40337250X	Mrs.	Waltraud488	Brittney657	Stracke611		Hauck852	M	white	nonhispanic	F	Westwood  Massachusetts  US	654 Little Terrace Suite 33	Clarksburg	Massachusetts	Berkshire County		0	42.67327228	-73.12228551	803162.28	604395.39	35328
e39fa777-dc9e-e86a-4137-01b23ae746a5	11/24/1976		999-76-8359	S99945780	X31080773X	Mrs.	Golda777	Keesha623	Heller342		Friesen796	D	white	nonhispanic	F	Lexington  Massachusetts  US	219 Bernhard Pathway	Carver	Massachusetts	Plymouth County		0	41.90706823	-70.76194487	568961.85	438061.49	97594
01ba763c-ce8b-7610-7ff0-c5ed527ec673	3/9/1997	4/19/2023	999-41-1296	S99936596	X55678381X	Mr.	Johnathon489		Wisoky380				white	nonhispanic	M	Lowell  Massachusetts  US	853 Crooks Route	Westford	Massachusetts	Middlesex County		0	42.59778254	-71.44757226	113705.38	60118.61	190561
e7e5161c-9176-dca9-3b7b-657aba5cd107	5/10/1979		999-14-3622	S99934094	X12439136X	Ms.	Adriana394	Cecilia788	Benavides239			S	white	hispanic	F	Panama City  Panama  PA	842 Feest Trail	Milford	Massachusetts	Worcester County	25027	1757	42.18069666	-71.48426301	524532.4	652062.05	44757
d1e805d9-a501-36ca-bf99-5350af22a877	3/9/1997		999-22-3575	S99962110	X72669410X	Mr.	Victor265	Jason347	Ritchie586			M	white	nonhispanic	M	Monson  Massachusetts  US	282 Howe Underpass	Westford	Massachusetts	Middlesex County		0	42.55847258	-71.47577663	49321.41	5289.55	190561
97effce1-107c-d064-5d72-aa16ae4a095c	11/14/1962		999-71-8980	S99943249	X9234379X	Ms.	Emma804	Austin578	Rohan584			S	white	nonhispanic	F	Quincy  Massachusetts  US	198 Marquardt Bypass Unit 90	Lynn	Massachusetts	Essex County	25009	1906	42.47143077	-70.9757581	22072.94	1347084.42	16109
4255779e-1851-2ae8-dac4-60bde7689f7b	12/25/1991		999-31-4223	S99914756	X28889039X	Mrs.	Rozella39	Machelle279	Kuhlman484		Schneider199	M	white	nonhispanic	F	Fitchburg  Massachusetts  US	1049 Ruecker Ramp	Brookline	Massachusetts	Norfolk County	25017	2467	42.31910046	-71.05733033	198289.75	299381.12	508769
a302efee-0bc2-425a-08f9-18f8a4cd3144	8/24/1956		999-54-9792	S99963879	X63340657X	Mrs.	Jacqueline49	Maranda920	Schultz619		Schuster709	W	white	nonhispanic	F	Lakeville  Massachusetts  US	744 Wilkinson Grove Apt 48	Wilbraham	Massachusetts	Hampden County	25013	1095	42.09626013	-72.44002868	279251.21	140820.77	41502
c34b9fc0-9cd6-725b-a8e9-21d693850b55	11/11/1958	8/1/2001	999-39-4644	S99974714	X68948413X	Mrs.	Loreta61		Weimann465		Hills818	M	white	nonhispanic	F	East Bridgewater  Massachusetts  US	1097 Jacobson Road Suite 83	Hawley	Massachusetts	Franklin County		0	42.54598587	-72.86246276	26918.7	648231.49	1572
c1d47451-8cd4-843a-796f-ad42599da19c	5/26/1964	4/28/2025	999-88-1140	S99914489	X9629376X	Mr.	Dwayne786	Leif534	Botsford977			M	white	nonhispanic	M	Stoughton  Massachusetts  US	952 Kovacek Gardens Apt 31	Worcester	Massachusetts	Worcester County	25027	1608	42.29858958	-71.87184289	179107.92	99135.05	135003
c830177b-c99a-2939-1edf-1420718a4a74	12/27/1974		999-19-5123	S99995923	X43503043X	Mr.	Werner409	Sylvester827	Lueilwitz711			M	white	nonhispanic	M	Leominster  Massachusetts  US	1051 Harvey Mill Unit 42	Boston	Massachusetts	Suffolk County	25025	2127	42.31129498	-71.05274393	463623.95	311245.32	100413
cb5814f6-1678-da3d-e57d-5e4fc8d010c3	5/26/1964		999-30-4712	S99973859	X75753683X	Mr.	Isaiah615	Cordell41	Schimmel440			D	white	nonhispanic	M	Wilmington  Massachusetts  US	831 O'Hara Row	Worcester	Massachusetts	Worcester County	25027	1609	42.28067892	-71.67600885	185186.75	55874.3	135003
67e00c58-d6fe-5f0d-400e-9b89fc52d916	2/19/1992		999-29-5840	S99928918	X5328562X	Mr.	Doyle959		Bayer639			M	white	nonhispanic	M	Rehoboth  Massachusetts  US	616 Schroeder Alley	Holbrook	Massachusetts	Norfolk County	25021	2368	42.11124461	-70.94877318	49847.56	1134.23	892231
2f1e6b1d-7021-cc53-c632-9c4d4c767f0a	7/21/1991		999-40-9223	S99987886	X69049837X	Mr.	José Luis472	Sergio619	Maldonado119			M	white	hispanic	M	Portsmouth  Saint John Parish  DM	249 Moore Crossroad	Taunton	Massachusetts	Bristol County	25005	2718	41.89629643	-71.10189194	62301.87	123267.53	87909
33a3de2f-d27a-13fb-c5a7-62d2993d2321	12/21/2013		999-42-4011				Paul232	Bennie663	Smitham825				white	nonhispanic	M	Fairhaven  Massachusetts  US	322 Nienow Mews	Brookline	Massachusetts	Norfolk County	25021	2446	42.27560984	-71.1755314	2395.86	70705.11	20087
cc0f3cdb-1882-1d37-47ce-2ce320c85d0a	3/24/1993		999-60-5403	S99916334	X82202188X	Mr.	Clay913	Micah422	Ondricka197			M	white	nonhispanic	M	Holyoke  Massachusetts  US	283 Reinger Annex	Lunenburg	Massachusetts	Worcester County	25027	1462	42.62852919	-71.76326608	85324.28	0	38044
2325cd6a-0217-1ede-d5b9-1c9d885f1f56	6/2/1979		999-58-7690	S99933519	X11082421X	Ms.	Jenifer459	Angelica442	Ledner144			S	white	hispanic	F	Westford  Massachusetts  US	947 Strosin Common	Warren	Massachusetts	Worcester County	25027	1083	42.22792346	-72.21260132	217379.84	741795.24	32301
86183f95-44a3-e8e9-e1e9-814c45c55baf	11/11/1958		999-13-4910	S99975891	X53881082X	Mrs.	Audie868		Altenwerth646		Morar593	M	white	nonhispanic	F	Cohasset  Massachusetts  US	555 Wiza Light Suite 83	Hawley	Massachusetts	Franklin County		0	42.55491024	-72.86838374	41199.68	1829097.81	1572
b14f88ed-f753-91e4-3b28-116fe7af36a0	2/21/1952	12/20/2010	999-66-8548	S99996359	X42473333X	Mrs.	Caridad510	Cristina921	Cardona494		Monroy712	M	other	hispanic	F	Buenos Aires  Ciudad de Buenos Aires  AR	139 Gibson Vale Suite 16	Lawrence	Massachusetts	Essex County	25009	1840	42.72753933	-71.1189374	382214.77	796183.46	129464
3443d9ac-57cf-d228-b831-2ca787ddeb2f	3/22/1991		999-93-5669	S99967036	X87090423X	Mrs.	Ashely524		Harber290		Bailey598	M	white	hispanic	F	Worcester  Massachusetts  US	1031 Effertz Terrace	Boston	Massachusetts	Suffolk County	25025	2136	42.37896233	-71.00901687	96705.15	651047.91	675
649f7b66-bc80-15cc-3d32-ea44bf0a69e8	12/10/1972		999-88-1070	S99974627	X9618348X	Mr.	Herbert830	Norris589	Cormier289			M	white	nonhispanic	M	Worcester  Massachusetts  US	863 Hayes Mews Apt 79	New Bedford	Massachusetts	Bristol County	25005	2745	41.65307955	-70.94174855	21102.43	504490.89	19472
3da68fbe-0b08-2747-dc0e-437b9970c8cd	4/26/2026		999-56-2835				Darryl392	Chong355	Gislason620				white	nonhispanic	M	Lawrence  Massachusetts  US	265 Fay Brook	Pembroke	Massachusetts	Plymouth County		0	42.06911095	-70.83995537	875.19	0	108116
f5df71f1-8042-b374-0882-939d567f63dd	4/21/2022		999-71-2227				Jutta270	Alene865	Runolfsson901				white	nonhispanic	F	Taunton  Massachusetts  US	714 Parker Knoll	Ipswich	Massachusetts	Essex County	25009	1938	42.6853983	-70.83329223	10243.17	11812.65	72153
03112dec-e648-dc9c-2f26-3d47e1266ded	2/21/1952		999-89-5648	S99924938	X55544343X	Mrs.	Mariana775	Mercedes82	Barraza113		Ornelas92	M	other	hispanic	F	Wesley  Saint Andrew Parish  DM	842 O'Conner Club	Lawrence	Massachusetts	Essex County	25009	1840	42.67839093	-71.21101813	185690.91	140182.83	129464
7a351fec-de09-1605-7053-5bfb6766dffa	4/8/1972		999-33-8636	S99915057	X40130756X	Mrs.	Brenna468	Jung484	Feeney44		Flatley871	M	white	nonhispanic	F	Northampton  Massachusetts  US	1074 Mraz Ranch Unit 89	Lowell	Massachusetts	Middlesex County	25017	1852	42.68743504	-71.3532396	477169.75	452851.09	62708
6f19b915-5952-c6ca-b6ed-dd5c2cc3ac56	1/27/1970		999-53-7571	S99962463	X55731830X	Mrs.	Valrie435	Arlette667	Dare640		Morissette863	W	asian	nonhispanic	F	Mumbai  Maharashtra  IN	811 Mraz Village	Sudbury	Massachusetts	Middlesex County		0	42.41352918	-71.40146924	128039.06	577638.55	686083
d83d3c90-a080-c091-c315-9e2191e44363	6/23/1966	10/21/2019	999-56-7222	S99953695	X36274507X	Mr.	Elvin140		Franecki195			M	asian	nonhispanic	M	Brookline  Massachusetts  US	466 Smitham Alley	Oxford	Massachusetts	Worcester County	25027	1540	42.16058843	-71.82206157	107976.87	669950.48	167040
5e8f48f8-0765-a550-2c5b-585d990dc122	12/13/1977		999-54-4402	S99986021	X37017022X	Mrs.	Estela596		Barrios478		Solano766	M	white	hispanic	F	Mexico City  Mexico City  MX	372 Williamson Crossing Suite 5	Nahant	Massachusetts	Essex County	25009	1908	42.42047595	-70.97258409	115036.71	250023.57	185101
10bfdde5-43df-8030-5277-0606e3d6203c	7/16/1995		999-26-5860	S99950257	X8889805X	Mrs.	Catrice481	Valery629	Kerluke267		Rippin620	M	white	nonhispanic	F	Plymouth  Massachusetts  US	160 Marks Brook	Newton	Massachusetts	Middlesex County	25017	2472	42.29374883	-71.16144483	59169.37	232893.66	101425
68304585-b99b-3781-c935-71b746663e01	2/23/2021		999-18-5547				Gail741		Hahn503				white	nonhispanic	M	Braintree  Massachusetts  US	315 Dickens Flat	Yarmouth	Massachusetts	Barnstable County		0	41.71931654	-70.24234799	908.63	19767.41	2032
3608c813-327f-09ed-4fb9-314d502b68cb	6/23/1966		999-51-6586	S99915176	X55833867X	Mr.	Jarod376	Joshua658	Bergstrom287			S	asian	nonhispanic	M	Medford  Massachusetts  US	168 Windler Boulevard Suite 41	Oxford	Massachusetts	Worcester County	25027	1540	42.09302312	-71.90015617	147771.81	47220.87	167040
4cf494fe-0a75-6502-5031-8859fab8fe57	5/24/2021		999-14-1610				Elvina437	Charleen536	McCullough561				white	nonhispanic	F	East Falmouth  Massachusetts  US	335 Kunze Wall	Walpole	Massachusetts	Norfolk County	25021	2081	42.16402146	-71.25332229	9956.98	10667.9	115286
10a43c50-4bb7-df97-c21a-fcc349869e24	7/23/1964		999-97-6741	S99988165	X81151246X	Mr.	Errol226	Titus37	Lehner980			M	black	nonhispanic	M	Brookline  Massachusetts  US	711 Bode Ranch Suite 98	Natick	Massachusetts	Middlesex County		0	42.29688451	-71.35008024	116599.52	184089.03	26938
7320643a-0fc2-1ff3-27b5-5a2b7225e940	11/6/1947		999-45-2207	S99936667	X26155730X	Mrs.	Angila948		Lueilwitz711		Raynor401	M	white	nonhispanic	F	Worcester  Massachusetts  US	529 Nolan Forge	Falmouth	Massachusetts	Barnstable County	25001	2540	41.59066817	-70.57875329	989972.93	378772.72	37864
53757056-20f1-fd4d-b204-d6972f27c27f	9/1/1972		999-19-2539	S99977827	X41441682X	Mr.	Jacques50	Pedro316	Abernathy524			S	white	nonhispanic	M	Fairhaven  Massachusetts  US	513 Sauer Lane Unit 66	Gardner	Massachusetts	Worcester County	25027	1440	42.57413743	-72.03676175	134532.08	0	57840
acfbc141-31a0-1b38-ca04-5d89b27de80c	2/11/1977		999-26-5743	S99935104	X55427352X	Mrs.	Davida245	Nikita578	Gleichner915		Corkery305	M	white	nonhispanic	F	Bourne  Massachusetts  US	959 Turner Frontage road	Amherst	Massachusetts	Hampshire County		0	42.37552121	-72.54454	711831.39	485308.39	73371
56cb71e6-0d69-d211-3b19-73e43d75dc26	8/10/1989		999-60-5651	S99934289	X39109137X	Mrs.	Dara636		Armstrong51		Gaylord332	M	white	nonhispanic	F	Chicopee  Massachusetts  US	933 Boehm Row Unit 66	Waltham	Massachusetts	Middlesex County	25017	2453	42.39424604	-71.19697109	151474.3	1036412.06	752820
a08c7d55-8400-6d5d-908f-13a33e8214c0	6/30/1966		999-74-6097	S99975357	X50001038X	Mrs.	Marisela850	Shanel903	Mayer370		Heller342	D	white	nonhispanic	F	Worcester  Massachusetts  US	1014 Wisoky Way	Wilbraham	Massachusetts	Hampden County	25013	1095	42.09827691	-72.42758443	837015.18	74514.49	68569
670ea0d6-8600-0eef-ae31-c2dffd6b5894	1/21/1989		999-93-9677	S99952960	X4248193X	Mr.	Reynaldo722		Gleichner915			W	white	nonhispanic	M	Boston  Massachusetts  US	579 Orn Alley	Sandwich	Massachusetts	Barnstable County	25001	2563	41.76483804	-70.45503343	111739.14	15030.85	43834
91b12bb6-a93b-e4dc-0fec-51a330037af2	6/18/1962		999-10-7131	S99963339	X78940684X	Mr.	Dusty207	Merlin721	McDermott739			M	asian	nonhispanic	M	Stoneham  Massachusetts  US	798 Volkman Passage Suite 26	Cambridge	Massachusetts	Middlesex County	25017	2139	42.34737257	-71.05237117	265754.6	584972.36	43345
4b05d74b-d9cb-fcf7-f656-4830cec62fac	2/26/1955		999-89-5303	S99913226	X55320376X	Mr.	Carmen818	Evan94	Wiegand701			S	white	nonhispanic	M	Larissa  Larissa Prefecture  GR	281 Shields Avenue Apt 61	New Bedford	Massachusetts	Bristol County	25005	2747	41.63662686	-70.93447346	283940.92	79066.14	64109
0c3956ce-3d6e-51f6-4fd0-0dc37ce65cfd	8/3/2006		999-90-7619	S99997213		Ms.	Alyssa971		Nienow652				white	nonhispanic	F	Everett  Massachusetts  US	700 Doyle Brook Apt 42	Brockton	Massachusetts	Plymouth County	25023	2302	42.06504527	-70.98220517	3500	52855.65	4730
ddcc5268-1271-fe06-f7ee-1fe645fc1733	6/23/2004		999-60-4411	S99986413	X85538877X	Ms.	Bernadette714	Mayme605	Reichert620				white	nonhispanic	F	Newton  Massachusetts  US	426 Lueilwitz Port Unit 71	Merrimac	Massachusetts	Essex County		0	42.79982519	-71.02275799	81560.87	621217.47	82287
d72eef36-70c7-896f-2c6a-98a90c37e2d4	6/26/1942	6/6/2025	999-39-9781	S99926276	X85850803X	Mrs.	Kendal125	Eustolia154	Conroy74		Wuckert783	M	white	nonhispanic	F	Revere  Massachusetts  US	648 Rau Parade	Plymouth	Massachusetts	Plymouth County	25023	2360	41.92135189	-70.65291466	1495400.11	395297.4	84233
94e1acbd-dd9c-977c-61c7-4bf24f8401fe	3/31/1954		999-90-2182	S99973384	X75935232X	Mr.	Son314	Raymond398	Kunde533			S	white	nonhispanic	M	Revere  Massachusetts  US	127 Jerde Junction Suite 98	Fall River	Massachusetts	Bristol County	25005	2724	41.67968138	-71.05171297	22412.45	422407.57	13910
ad69b00d-e8b9-5194-44eb-d5aa42424c3d	6/26/1942		999-97-2876	S99955552	X76367329X	Ms.	Dolly486	Lucina142	Bernier607			S	white	nonhispanic	F	Devens  Massachusetts  US	575 Marquardt Well Apt 56	Plymouth	Massachusetts	Plymouth County	25023	2360	41.86869468	-70.60581254	1235458.43	300463.52	84233
2c490ba7-cbf7-e71b-5338-00dab01da70d	3/14/1977		999-49-6502	S99962407	X45103336X	Mrs.	Cassie490	Anh979	Moore224		Stroman228	M	white	nonhispanic	F	Hudson  Massachusetts  US	164 Swaniawski Lock	Lexington	Massachusetts	Middlesex County	25017	2421	42.43192902	-71.19919346	275368.09	562727.3	139175
702e8d31-378e-9add-4951-ad949da2018b	1/14/2017		999-17-5064				Luise714	Jocelyn538	Crist667				other	nonhispanic	F	Milton  Massachusetts  US	929 Hahn Mall	Chicopee	Massachusetts	Hampden County	25013	1020	42.12724412	-72.54672768	29807.99	620.77	96159
e60e1ddc-b54e-a6f2-14d3-bb142465e33a	11/22/1952		999-59-4256	S99991797	X880912X	Mr.	Norbert530	Dwain139	Muller251	JD		D	white	nonhispanic	M	North Adams  Massachusetts  US	1058 Hammes Ranch Apt 17	Westwood	Massachusetts	Norfolk County		0	42.21505185	-71.26092043	202015.88	302643.19	900558
1ea0b812-a608-68aa-033d-af4b0506252b	7/11/2020		999-79-1335				Cassidy160		Turcotte120				white	nonhispanic	F	Chelsea  Massachusetts  US	409 Glover Avenue Suite 47	Boston	Massachusetts	Suffolk County	25025	2125	42.3630304	-71.18166361	5392.14	16377.96	347
e0de7b0a-c40b-6467-c099-0f9467be6c0a	4/24/1964		999-57-3189	S99989754	X66041052X	Mr.	Agustin437		Hills818			D	white	nonhispanic	M	Barnstable  Massachusetts  US	957 Jones Stravenue	Chatham	Massachusetts	Barnstable County	25001	2633	41.66665948	-70.00864329	306789.01	557193.08	496418
f871e4dc-ea49-ae10-f488-cabc2a581bc3	10/7/2008		999-44-6500	S99960665			Shin962	Coletta724	Dooley940				white	nonhispanic	F	Granby  Massachusetts  US	407 Gorczany Rue Apt 5	Springfield	Massachusetts	Hampden County	25013	1129	42.22159731	-72.52725924	38633.91	6169.09	43939
029546ae-faec-700d-06f9-b2726c57cd2d	2/26/2019		999-98-8849				Geraldo282	Refugio197	Gulgowski816				white	nonhispanic	M	Falmouth  Massachusetts  US	1092 Schneider Hollow	Randolph	Massachusetts	Norfolk County	25021	2368	42.22562832	-71.02368199	16109.84	299.88	55362
4e81c560-81c5-dc7b-9127-aa5f5ba9c4c8	1/9/1916	7/14/1993	999-26-4563	S99966180	X22726412X	Mr.	Dallas143	Mickey576	Romaguera67			M	white	hispanic	M	Littleton  Massachusetts  US	881 Swift Trailer	Lawrence	Massachusetts	Essex County	25009	1841	42.73184532	-71.17528681	267319.26	2376655.21	43389
5ac2f378-ed3e-8652-19aa-868452583922	7/27/1993		999-25-8821	S99993029	X69404034X	Mrs.	Walter473		King743	MD	Braun514	M	white	nonhispanic	F	Billerica  Massachusetts  US	286 Littel Annex Unit 25	Swansea	Massachusetts	Bristol County		0	41.76202767	-71.17585893	88004.92	331827.6	470070
3e1a2634-4793-b134-8296-20c0cb37f5b2	12/20/1964	11/23/2015	999-58-9278	S99945030	X52840712X	Mr.	Anibal473	Ramiro608	Lockman863			M	white	nonhispanic	M	Boston  Massachusetts  US	1001 Bernier Course Unit 73	Dracut	Massachusetts	Middlesex County		0	42.6828217	-71.33121883	9763.32	148789.64	18303
4e1288ee-3495-1de4-e6a2-31765aab8593	8/20/1982	1/4/2019	999-68-9154	S99981312	X78496457X	Mr.	Irving123	Cedrick207	Schmidt332			M	white	nonhispanic	M	Lexington  Massachusetts  US	183 Braun Orchard Unit 57	Millis	Massachusetts	Norfolk County		0	42.1799199	-71.35840971	44582.74	129934.82	28084
a85b8544-5fa1-0de2-be07-1fca661f6879	6/12/1971		999-79-2386	S99914285	X5898067X	Mr.	José Emilio366	Pedro316	Zamora648			M	white	hispanic	M	La Paz  Baja California  MX	934 Shanahan Brook Apt 62	Boston	Massachusetts	Suffolk County	25025	2115	42.34690909	-70.99479391	25668.28	877831.71	20197
ba696827-b735-e09f-e5f5-f15037dc9701	8/20/1982		999-34-5633	S99956610	X2818827X	Mr.	Josiah310		Yundt842			M	white	nonhispanic	M	Orange  Massachusetts  US	575 Runte Trafficway Apt 0	Millis	Massachusetts	Norfolk County		0	42.1684559	-71.33543382	75041.66	13361.08	28084
b084297c-c410-108c-9499-aa99d25e761c	12/20/1964		999-83-1281	S99965177	X23198776X	Mr.	Dorsey40	Aurelio227	Macejkovic424			S	white	nonhispanic	M	Worcester  Massachusetts  US	470 Kemmer Burg	Dracut	Massachusetts	Middlesex County		0	42.65693703	-71.27667677	12991.84	368550	18303
eee9e0d0-6339-4fd4-1010-ca2049901226	4/22/1982		999-39-4841	S99961896	X73695353X	Mrs.	Isis628	Marian936	Von197		Gislason620	M	white	nonhispanic	F	Attleboro  Massachusetts  US	474 Wilkinson Rue Apt 45	Middleborough	Massachusetts	Plymouth County		0	41.83001012	-70.82518063	347225.98	753107.79	123668
c1ed192a-9f8a-e043-a9a7-27a8edb15d7f	4/12/2021		999-96-2942				Barrett790	Demetrius568	Rutherford999				white	nonhispanic	M	Boston  Massachusetts  US	505 Kiehn Mill	Rochester	Massachusetts	Plymouth County		0	41.712953	-70.8639068	15621.45	5718.55	61689
31a7dbc1-079c-e5c4-4b26-8a6fa371f044	12/5/1958		999-12-6439	S99912837	X35583821X	Mrs.	Stephenie799	Caitlyn56	Fadel536		Luettgen772	D	white	nonhispanic	F	Bourne  Massachusetts  US	332 Lubowitz Track Unit 26	Pinehurst	Massachusetts	Middlesex County	25017	1866	42.53906402	-71.21412086	388315.76	691081.76	131676
243b6be7-c466-358a-c9ed-83f70d244d29	8/8/1992		999-91-7834	S99990111	X73473255X	Mr.	Jeramy610		Swaniawski813			S	white	nonhispanic	M	Millbury  Massachusetts  US	700 Sipes Rapid	Ashburnham	Massachusetts	Worcester County		0	42.64648979	-71.92652497	90598.2	5824.03	889083
4be0e308-0403-7081-3d54-02d8dd95bffe	6/19/2021		999-31-6835				Dorotea472	Maricarmen445	Henríquez109				white	hispanic	F	Buenos Aires  Ciudad de Buenos Aires  AR	1019 Boehm Street	Medford	Massachusetts	Middlesex County	25017	2155	42.34471325	-71.06474056	42413.56	0	67667
6c075c13-02db-6069-9661-93e86802fe46	11/7/1970		999-99-9495	S99976507	X18917849X	Mr.	Jim478	Jamar151	Jast432			M	white	hispanic	M	Gloucester  Massachusetts  US	940 Roberts Wynd	Chelsea	Massachusetts	Suffolk County	25017	2149	42.43253262	-70.95602777	9104.6	176580.83	22368
2a2bd415-e59e-ae60-2cc3-39f5c9e66025	3/31/1981		999-67-5672	S99950388	X56797469X	Mrs.	Sigrid676		Klein929		Smitham825	M	white	nonhispanic	F	Chelmsford  Massachusetts  US	135 Beatty Overpass Suite 81	Millbury	Massachusetts	Worcester County		0	42.17842782	-71.7758496	208008.67	458847.45	172991
ab3dc837-38ee-a41d-8850-8393bcb66ecc	5/24/1970		999-88-1588	S99967564	X23274851X	Mr.	Foster87	Timothy142	Smith67			M	white	nonhispanic	M	Somerville  Massachusetts  US	336 Adams Mill	Greenfield	Massachusetts	Franklin County	25011	1301	42.58892347	-72.58152334	138748.95	49000.49	86826
aa7dcd69-9e2b-469d-dcb1-ba347449d75b	8/23/1968		999-95-1972	S99966989	X86863650X	Ms.	Tyesha844	Ji399	Hills818			S	white	hispanic	F	Raynham  Massachusetts  US	607 Beahan Underpass	Haverhill	Massachusetts	Essex County	25009	1830	42.81524685	-71.09884731	683836.47	425978.18	69929
a30f8b8c-5e25-67ee-e3db-7d2d3a01e657	1/11/2002		999-12-1837	S99987966	X81639692X	Mr.	Jamal145	Marlin805	Schiller186				white	nonhispanic	M	Natick  Massachusetts  US	859 Cronin Junction Apt 34	Boston	Massachusetts	Suffolk County	25025	2113	42.36559381	-71.04397619	4593.56	62619.08	10294
d6e1da47-2631-04cf-8c5c-e656ecaa77ee	12/4/1974		999-83-4425	S99960286	X89571861X	Ms.	Belkis212	Nanci249	Stanton715			S	black	nonhispanic	F	Brookfield  Massachusetts  US	1041 McGlynn Hollow Suite 11	Middleborough	Massachusetts	Plymouth County		0	41.86898331	-70.9077953	711879.29	253620.23	84631
b61008f3-84e2-8e3f-abd9-995a23133d57	1/3/1978		999-81-6189	S99999723	X28237186X	Mrs.	Afton574	Genna99	Greenholt190		Conn188	M	hawaiian	nonhispanic	F	Upton  Massachusetts  US	568 Ferry Plaza	Haverhill	Massachusetts	Essex County	25009	1835	42.76653178	-71.11482123	296903.32	199284.31	58739
7536501d-f35d-456d-5cd2-4cfefd144553	4/19/1991		999-68-4106	S99953337	X85567529X	Mr.	Guy979	Zachery872	Bosco882			M	asian	nonhispanic	M	Weston  Massachusetts  US	225 Pagac Station Suite 4	Medfield	Massachusetts	Norfolk County	25021	2052	42.23180952	-71.29081698	123302.9	631588.06	124350
c303f8a0-d9b7-709b-fbe2-57ed2b5732e2	1/9/1916	8/22/1976	999-80-3021	S99926406	X57136793X	Mr.	Arron144	Marco578	Walsh511			M	white	hispanic	M	Beverly  Massachusetts  US	191 Schroeder Rapid Apt 90	Lawrence	Massachusetts	Essex County	25009	1840	42.68989767	-71.14365782	229622.78	518617.85	43389
b500c402-d318-dcaf-3bdb-65eb4ffeefcf	10/20/1978		999-78-5005	S99917740	X845944X	Mr.	Emery884	Isaias604	Morissette863			S	white	nonhispanic	M	Worcester  Massachusetts  US	207 Pagac Loaf	Arlington	Massachusetts	Middlesex County	25017	2474	42.45696187	-71.17984267	62675.09	27398.71	75147
f316128d-b601-4805-93b9-738097b1a3d5	11/21/1954	9/19/2012	999-19-2562	S99916781	X45225328X	Mrs.	Caryl47	Emiko501	Kovacek682		Lynch190	M	white	nonhispanic	F	Arlington  Massachusetts  US	231 Gislason Knoll Unit 15	Haverhill	Massachusetts	Essex County	25009	1832	42.76509141	-71.09013271	220931	286420.72	137467
a51c6e13-e38a-334c-2007-77a5ff2eaef4	11/20/1950		999-69-7495	S99947176	X70915966X	Mrs.	Deloris888	Claris36	Dietrich576	JD	Hyatt152	D	white	nonhispanic	F	Needham  Massachusetts  US	1010 Yost Extension	Quincy	Massachusetts	Norfolk County	25021	2186	42.28270245	-71.08645986	302425.28	513718.47	139548
f93ab485-c417-8196-3bf3-363f3cf29f65	1/31/1976		999-81-1800	S99961491	X18778269X	Mrs.	Lakesha141	Miguelina323	Bauch723		Spinka232	D	other	hispanic	F	Auburn  Massachusetts  US	760 Lueilwitz Bridge Suite 15	Springfield	Massachusetts	Hampden County	25013	1013	42.14012013	-72.56876346	24380.65	890555.95	10439
92fd59ae-6a3c-cd90-f1aa-88ee1beb40d0	8/1/2008		999-34-7894	S99978531			Julio255	Adán600	Rangel145				white	hispanic	M	Marigot  Saint Andrew Parish  DM	672 Gulgowski Fork Suite 23	Braintree	Massachusetts	Norfolk County	25021	2184	42.16202181	-70.96052726	65076.66	0	88053
2eda7a8b-a5b4-a5b2-91d9-cf077b587db4	11/21/1954		999-60-2348	S99966769	X67149428X	Mrs.	Jessi630		Jerde200		Collins926	M	white	nonhispanic	F	New Bedford  Massachusetts  US	523 Boyer Viaduct	Haverhill	Massachusetts	Essex County	25009	1835	42.79123252	-71.09231213	346935.41	634218.19	137467
12aa09c7-a718-b1ef-6fa4-4230dbeefd31	5/3/1973		999-94-4076	S99947132	X6726999X	Mr.	Davis923	Guillermo498	Monahan736			D	white	nonhispanic	M	Athol  Massachusetts  US	748 Berge Trailer Unit 93	Boston	Massachusetts	Suffolk County	25025	2127	42.37191804	-71.00788641	146436.45	39044.66	145950
4812bfae-0168-b71d-f979-bb5c915324e1	8/28/1975		999-25-8011	S99979948	X22005265X	Mr.	Santiago500	Ross213	Boehm581			D	white	nonhispanic	M	Tewksbury  Massachusetts  US	935 Torp Lane Unit 34	Stoughton	Massachusetts	Norfolk County		0	42.15297073	-71.14115935	156812.07	193943.85	24012
93551fec-62f7-db5d-e2d4-65cfedfa8f50	3/31/1974		999-97-2667	S99958349	X46199013X	Mrs.	Toby274	Ivory697	McGlynn426		Kuhn96	D	white	nonhispanic	F	Amherst  Massachusetts  US	937 Mueller Wynd Unit 92	New Bedford	Massachusetts	Bristol County	25005	2744	41.70803414	-70.9282582	374151.17	232084.93	93066
f7594a32-b115-5081-698f-53f5b6da80ee	8/24/2002		999-26-5879	S99973593	X74658251X	Mr.	Porfirio146	Damon455	Schaden604				white	nonhispanic	M	Brockton  Massachusetts  US	643 Streich Road Apt 64	Fall River	Massachusetts	Bristol County	25005	2747	41.73913641	-71.12066289	39803.15	36736.41	97218
2e500f97-3b3e-51ed-9a41-41d5dae4e04f	2/2/1992		999-75-4058	S99971275	X59158758X	Mr.	Josh874		Mitchell808			S	white	nonhispanic	M	Pittsfield  Massachusetts  US	811 Funk View	Quincy	Massachusetts	Norfolk County	25021	2169	42.27891952	-71.02790148	102897.24	46592.24	733035
c2ee13ef-00eb-4a5c-5947-36e46f5ea7fa	11/10/1958		999-43-7449	S99947770	X6332349X	Mrs.	Anna632	Elana101	Reilly981		Collins926	D	white	nonhispanic	F	Falmouth  Massachusetts  US	467 Skiles Meadow Unit 23	Ipswich	Massachusetts	Essex County	25009	1938	42.65569691	-70.87327842	20731.55	1729803.81	22793
c86741d6-b37d-45c8-7527-1c76e081bbd1	9/27/2011		999-84-1361				Selena146	Darnell564	Sawayn19				white	nonhispanic	F	Maynard  Massachusetts  US	499 Hudson Station	Randolph	Massachusetts	Norfolk County	25021	2368	42.13534946	-71.03413059	31137.21	0	101175
1886e787-4ede-20dc-d857-41b33d6493c2	12/3/1974		999-83-3437	S99998138	X10856981X	Mrs.	Rosio404	Ashely524	Moen819		Lemke654	M	white	nonhispanic	F	Acton  Massachusetts  US	181 Eichmann Esplanade Suite 3	Framingham	Massachusetts	Middlesex County	25017	1702	42.32834513	-71.43373903	576467.7	269864.36	40751
bc9a740c-4f16-09e0-26d7-8ae263779c65	7/22/1985		999-23-4942	S99991270	X15827115X	Ms.	Rosemarie149	Terrell212	Koss676			S	white	nonhispanic	F	South Amherst  Massachusetts  US	1025 Conroy Forge Apt 83	Springfield	Massachusetts	Hampden County	25013	1119	42.13571649	-72.60209146	13019	657088.94	21181
5619da31-958a-eb7d-3042-5f6f6d033e88	4/11/2004		999-31-2594	S99980189	X11429914X	Mr.	Terrell212	Emmett200	Stanton715				white	nonhispanic	M	Worcester  Massachusetts  US	147 Gottlieb Way Suite 48	Groton	Massachusetts	Middlesex County	25017	1450	42.66075933	-71.5971693	52997.73	14008.78	58372
e8e59dfb-b161-68ba-fffa-c6f535602f11	1/9/1916	9/24/2002	999-13-2401	S99918923	X47703581X	Mr.	Edgardo196	Reinaldo138	Schaden604			S	white	hispanic	M	Clinton  Massachusetts  US	513 Stamm Glen	Lawrence	Massachusetts	Essex County	25009	1843	42.68768799	-71.12620126	365845.26	718719.8	43389
ed0c7b5c-58c9-3aa6-f9b2-47312d39aeef	10/14/1994		999-52-3381	S99921218	X7688529X	Mrs.	Florence828	Lera808	Predovic534		Altenwerth646	M	white	nonhispanic	F	Methuen  Massachusetts  US	616 Bernier Wall	Newton	Massachusetts	Middlesex County	25017	2464	42.36214782	-71.20990891	522367.68	146675.45	86817
07184124-ab60-b897-b0e8-07b3318c8d9c	1/28/1980		999-21-8154	S99968874	X67011097X	Ms.	Patrice780	Tamika537	Stokes453			S	white	nonhispanic	F	Pepperell  Massachusetts  US	636 Christiansen Boulevard	Somerville	Massachusetts	Middlesex County	25017	2155	42.34829975	-71.08707331	330753.5	430222.82	93114
584f2223-1e99-1441-6a06-7908a030ced9	1/28/1982		999-21-7100	S99991512	X24399356X	Mr.	Trevor374	Byron202	Dibbert990			M	white	nonhispanic	M	New Bedford  Massachusetts  US	679 Brakus Row Apt 78	Quincy	Massachusetts	Norfolk County	25021	2171	42.24907107	-71.00184598	153503.73	65786.86	135915
c1c76e76-f9ef-e022-fbfb-b19c49bb1fdf	3/28/1998		999-54-1534	S99966795	X13057702X	Mrs.	Lynne528	Malia984	Feil794		Braun514	M	white	nonhispanic	F	Barnstable  Massachusetts  US	928 Von Manor	Ipswich	Massachusetts	Essex County	25009	1938	42.70106573	-70.8144351	173817.04	320090.39	88620
0f35a3d1-6d32-2f29-4e1c-a27560dde1ee	7/28/1980		999-24-7009	S99973291	X64427104X	Mrs.	Eveline832	Lana840	Keebler762		Kub800	M	white	nonhispanic	F	Stoughton  Massachusetts  US	1050 Parisian Well	New Bedford	Massachusetts	Bristol County	25005	2743	41.6359625	-71.02397558	8755.02	362673.27	22506
6a292dd0-df32-d548-98e4-34df7770b710	10/25/1988		999-66-8837	S99985843	X4761483X	Mrs.	Debroah867	Bethanie176	Reynolds644		Rosenbaum794	M	white	nonhispanic	F	Chester  Massachusetts  US	1027 Hand Trailer Unit 42	Holden	Massachusetts	Worcester County		0	42.30765775	-71.88280195	11282.87	674114.28	10006
50832f56-6fba-abc1-d212-3e4cb0993823	5/4/2010		999-95-8583	S99944551			Benny518	Elisha578	Goyette777				white	nonhispanic	M	Boston  Massachusetts  US	291 Kovacek Esplanade Unit 66	Kingston	Massachusetts	Plymouth County	25023	2364	41.93896256	-70.73793418	51414.7	15588.57	126544
e65474c7-e574-ecf3-472b-2a3430455d2d	7/10/1967		999-88-9404	S99917815	X6800831X	Mr.	Elbert916		Ferry570			M	white	nonhispanic	M	New Bedford  Massachusetts  US	980 Runolfsson Overpass Suite 45	Swampscott	Massachusetts	Essex County	25009	1907	42.44761079	-70.86326661	160521.74	74897.55	838762
25127bd5-f9aa-30d5-d3f9-c5c88e27d527	1/9/1916		999-20-5432	S99967339	X34999444X	Mr.	Kent912	Kasey569	Wiza601			S	white	hispanic	M	Worcester  Massachusetts  US	316 Funk Branch Suite 55	Lawrence	Massachusetts	Essex County	25009	1843	42.6822635	-71.18812206	347008.3	194742.65	43389
80d8aaa2-ef65-5f53-3a31-a3823d7e0151	3/7/2013		999-78-2027				Hae300		Rolfson709				white	nonhispanic	F	North Attleborough  Massachusetts  US	211 Langworth Rue Suite 14	Pittsfield	Massachusetts	Berkshire County	25003	1201	42.44043115	-73.27404136	43080.82	0	46108
583ce668-85c2-9599-09bb-4c6d620a795d	4/28/1955	12/28/2024	999-12-4814	S99952517	X60803048X	Mrs.	Earline566		Parker433		Strosin214	M	white	nonhispanic	F	Worcester  Massachusetts  US	811 Hand Run Apt 54	Boston	Massachusetts	Suffolk County	25025	2113	42.33647431	-71.0004838	292894.92	985985.36	172333
d6fc4f34-d0ac-a09b-94e4-01fc4a44d3a8	4/28/1955		999-95-1684	S99939012	X54084872X	Mrs.	Cheree978		Windler79		Green467	M	white	nonhispanic	F	Duxbury  Massachusetts  US	489 Kunde Row	Boston	Massachusetts	Suffolk County	25025	2116	42.34657411	-71.03185086	387404.27	1137800.72	172333
